File,Cluster
song_100_mfcc.csv,3
song_101_mfcc.csv,2
song_102_mfcc.csv,4
song_103_mfcc.csv,2
song_104_mfcc.csv,4
song_105_mfcc.csv,0
song_106_mfcc.csv,0
song_107_mfcc.csv,0
song_108_mfcc.csv,3
song_109_mfcc.csv,2
song_10_mfcc.csv,5
song_110_mfcc.csv,4
song_111_mfcc.csv,4
song_112_mfcc.csv,4
song_113_mfcc.csv,4
song_114_mfcc.csv,3
song_115_mfcc.csv,3
song_116_mfcc.csv,3
song_117_mfcc.csv,3
song_118_mfcc.csv,0
song_119_mfcc.csv,0
song_11_mfcc.csv,5
song_120_mfcc.csv,2
song_121_mfcc.csv,1
song_122_mfcc.csv,4
song_123_mfcc.csv,4
song_124_mfcc.csv,4
song_125_mfcc.csv,3
song_126_mfcc.csv,2
song_127_mfcc.csv,5
song_12_mfcc.csv,5
song_13_mfcc.csv,5
song_14_mfcc.csv,5
song_15_mfcc.csv,5
song_16_mfcc.csv,3
song_17_mfcc.csv,5
song_18_mfcc.csv,5
song_19_mfcc.csv,5
song_1_mfcc.csv,5
song_20_mfcc.csv,5
song_21_mfcc.csv,1
song_22_mfcc.csv,1
song_23_mfcc.csv,0
song_24_mfcc.csv,0
song_25_mfcc.csv,1
song_26_mfcc.csv,1
song_27_mfcc.csv,0
song_28_mfcc.csv,1
song_29_mfcc.csv,0
song_2_mfcc.csv,5
song_30_mfcc.csv,0
song_31_mfcc.csv,1
song_32_mfcc.csv,0
song_33_mfcc.csv,3
song_34_mfcc.csv,3
song_35_mfcc.csv,0
song_36_mfcc.csv,1
song_37_mfcc.csv,1
song_38_mfcc.csv,3
song_39_mfcc.csv,0
song_3_mfcc.csv,5
song_40_mfcc.csv,3
song_41_mfcc.csv,3
song_42_mfcc.csv,3
song_43_mfcc.csv,4
song_44_mfcc.csv,3
song_45_mfcc.csv,3
song_46_mfcc.csv,0
song_47_mfcc.csv,4
song_48_mfcc.csv,3
song_49_mfcc.csv,3
song_4_mfcc.csv,5
song_50_mfcc.csv,3
song_51_mfcc.csv,3
song_52_mfcc.csv,1
song_53_mfcc.csv,3
song_54_mfcc.csv,3
song_55_mfcc.csv,4
song_56_mfcc.csv,3
song_57_mfcc.csv,3
song_58_mfcc.csv,3
song_59_mfcc.csv,3
song_5_mfcc.csv,5
song_60_mfcc.csv,1
song_61_mfcc.csv,2
song_62_mfcc.csv,4
song_63_mfcc.csv,3
song_64_mfcc.csv,1
song_65_mfcc.csv,1
song_66_mfcc.csv,1
song_67_mfcc.csv,1
song_68_mfcc.csv,1
song_69_mfcc.csv,1
song_6_mfcc.csv,5
song_70_mfcc.csv,1
song_71_mfcc.csv,1
song_72_mfcc.csv,1
song_73_mfcc.csv,1
song_74_mfcc.csv,1
song_75_mfcc.csv,1
song_76_mfcc.csv,5
song_77_mfcc.csv,1
song_78_mfcc.csv,1
song_79_mfcc.csv,0
song_7_mfcc.csv,1
song_80_mfcc.csv,0
song_81_mfcc.csv,0
song_82_mfcc.csv,1
song_83_mfcc.csv,2
song_84_mfcc.csv,2
song_85_mfcc.csv,2
song_86_mfcc.csv,4
song_87_mfcc.csv,2
song_88_mfcc.csv,3
song_89_mfcc.csv,2
song_8_mfcc.csv,5
song_90_mfcc.csv,2
song_91_mfcc.csv,2
song_92_mfcc.csv,2
song_93_mfcc.csv,4
song_94_mfcc.csv,2
song_95_mfcc.csv,4
song_96_mfcc.csv,4
song_97_mfcc.csv,2
song_98_mfcc.csv,2
song_99_mfcc.csv,2
song_9_mfcc.csv,5
